{
  "extends": ["tslint:recommended", "tslint-react", "tslint-config-prettier"],
  "linterOptions": {
    "exclude": [
      "config/**/*.js",
      "node_modules/**/*.ts",
      "coverage/lcov-report/*.js"
    ]
  },
  "rules": {
    "adjacent-overload-signatures": true,
    "arrow-return-shorthand": [true, "multiline"],
    "no-console": {
      "severity": "warning",
      "options": [
        "debug",
        "info",
        "log",
        "time",
        "timeEnd",
        "trace"
      ]
    },
    "quotemark": [true, "single", "jsx-double", "avoid-escape", "avoid-template"]
  }
}
